{"pct_alta_manana": 23.67624810892587, "pct_alta_noche": 26.747195858498706}