{"pct_alta_manana": 18.98148148148148, "pct_alta_noche": 32.785538208709944}