{"pct_alta_manana": 21.735849056603772, "pct_alta_noche": 28.402366863905325}